use springcms;
INSERT INTO `authors` (`id`, `firstName`, `lastName`) VALUES (1, 'Ole', 'Mosciski');
INSERT INTO `authors` (`id`, `firstName`, `lastName`) VALUES (2, 'Zena', 'Lowe');
INSERT INTO `authors` (`id`, `firstName`, `lastName`) VALUES (3, 'Jameson', 'Stoltenberg');
INSERT INTO `authors` (`id`, `firstName`, `lastName`) VALUES (4, 'Jonatan', 'Beier');
INSERT INTO `authors` (`id`, `firstName`, `lastName`) VALUES (5, 'Alysha', 'Sporer');
INSERT INTO `authors` (`id`, `firstName`, `lastName`) VALUES (6, 'Noemy', 'Rippin');
INSERT INTO `authors` (`id`, `firstName`, `lastName`) VALUES (7, 'Vida', 'Okuneva');
INSERT INTO `authors` (`id`, `firstName`, `lastName`) VALUES (8, 'Jammie', 'Orn');
INSERT INTO `authors` (`id`, `firstName`, `lastName`) VALUES (9, 'Van', 'Effertz');
INSERT INTO `authors` (`id`, `firstName`, `lastName`) VALUES (10, 'Francesca', 'Schoen');
INSERT INTO `categories` (`id`, `name`, `description`) VALUES (1, 'Medical & Health Sciences', 'Eum aut consequuntur eaque eum.');
INSERT INTO `categories` (`id`, `name`, `description`) VALUES (2, 'Research & Reproducibility', 'Asperiores sit quia impedit consequatur nemo cum.');
INSERT INTO `categories` (`id`, `name`, `description`) VALUES (3, 'Medical & Health Sciences', 'Doloremque reiciendis dolor aspernatur quo.');
INSERT INTO `categories` (`id`, `name`, `description`) VALUES (4, 'Biological Sciences', 'Velit placeat enim ullam similique quo aperiam.');
INSERT INTO `categories` (`id`, `name`, `description`) VALUES (5, 'Studies in Human Society', 'Corrupti ut saepe expedita eveniet dolore rerum aut.');
INSERT INTO `categories` (`id`, `name`, `description`) VALUES (6, 'Earth & Environmental Science', 'Enim est et ea reiciendis qui vitae dolores.');
INSERT INTO `categories` (`id`, `name`, `description`) VALUES (7, 'Physical Sciences', 'Pariatur sapiente quis exercitationem distinctio.');
INSERT INTO `categories` (`id`, `name`, `description`) VALUES (8, 'History & Archaeology', 'Eos minus natus molestiae autem.');
INSERT INTO `categories` (`id`, `name`, `description`) VALUES (9, 'Information & Computer Sciences', 'Ullam in non culpa voluptatem odio architecto aspernatur sapiente.');
INSERT INTO `articles` (`id`, `title`, `content`, `created`, `updated`, `author_id`, `category_id`) VALUES (1, 'Associations of fats and carbohydrate intake with cardiovascular disease and mortality in 18 countries from five continents (PURE): a prospective cohort study', 'Is this the end of the low-fat diet? Contrary to popular belief, researchers reviewed the diet of over 100,000 people in 18 countries and discovered that low fat diets may result in a higher risk of premature death.', '2017-08-29 00:00:00', '2019-03-07 23:00:24', 1, 1);
INSERT INTO `articles` (`id`, `title`, `content`, `created`, `updated`, `author_id`, `category_id`) VALUES (2, 'Work organization and mental health problems in PhD students', 'Under pressure? This study found that the work stress that PhD students face can have significant impact on their mental health.', '2017-03-01 00:00:00', '2018-05-24 16:32:26', 2, 2);
INSERT INTO `articles` (`id`, `title`, `content`, `created`, `updated`, `author_id`, `category_id`) VALUES (3, 'Comparison of Hospital Mortality and Readmission Rates for Medicare Patients Treated by Male vs Female Physicians', 'This study concluded that patients treated by female doctors had significantly lower mortality and readmission rates.', '2016-12-19 00:00:00', '2018-12-31 22:01:05', 3, 1);
INSERT INTO `articles` (`id`, `title`, `content`, `created`, `updated`, `author_id`, `category_id`) VALUES (4, 'Correction of a pathogenic gene mutation in human embryos', 'In this much-contested paper scientists used CRISPR to remove a genetic mutation from a human embryo. ', '2017-08-02 00:00:00', '2018-07-13 12:54:32', 4, 4);
INSERT INTO `articles` (`id`, `title`, `content`, `created`, `updated`, `author_id`, `category_id`) VALUES (5, 'Gender stereotypes about intellectual ability emerge early and influence children’s interests', 'Playing the part: womens reluctance to engage with brilliance may be the result of the influence of sterotypes that are impressed upon us in childhood.', '2017-01-27 00:00:00', '2018-09-20 02:52:01', 5, 5);
INSERT INTO `articles` (`id`, `title`, `content`, `created`, `updated`, `author_id`, `category_id`) VALUES (6, 'More than 75 percent decline over 27 years in total flying insect biomass in protected areas', 'The findings of this research showed that the decline in flying insects has been much more extensive and rapid that previously realized.', '2017-10-18 00:00:00', '2018-04-14 22:51:56', 6, 4);
INSERT INTO `articles` (`id`, `title`, `content`, `created`, `updated`, `author_id`, `category_id`) VALUES (7, 'Worldwide trends in body-mass index, underweight, overweight, and obesity from 1975 to 2016: a pooled analysis of 2416 population-based measurement studies in 128·9 million children, adolescents, and adults', 'A startling stat: this study found that obesity amongst children and adults has risen tenfold globally in the last 40 years. ', '2017-10-01 00:00:00', '2018-09-16 07:28:52', 7, 1);
INSERT INTO `articles` (`id`, `title`, `content`, `created`, `updated`, `author_id`, `category_id`) VALUES (8, 'A Feathered Dinosaur Tail with Primitive Plumage Trapped in Mid-Cretaceous Amber', 'Get your teeth into it! This study revealed a Dinosaur species had teeth that it lost as it aged. ', '2016-12-08 00:00:00', '2018-11-12 04:04:45', 8, 4);
INSERT INTO `articles` (`id`, `title`, `content`, `created`, `updated`, `author_id`, `category_id`) VALUES (9, 'Efficacy and effectiveness of an rVSV-vectored vaccine in preventing Ebola virus disease: final results from the Guinea ring vaccination, open-label, cluster-randomised trial (Ebola Ça Suffit!)', 'Testing of an Ebola vaccine during the West African outbreak found that it was completely effective - offering hope should the virus return. ', '2016-12-22 00:00:00', '2018-08-01 09:59:50', 9, 1);
INSERT INTO `articles` (`id`, `title`, `content`, `created`, `updated`, `author_id`, `category_id`) VALUES (10, 'An extra-uterine system to physiologically support the extreme premature lamb', 'The development of an artifical womb for lambs has opened new possibilities for their application amongst humans. ', '2017-04-25 00:00:00', '2018-05-17 03:21:46', 10, 4);
